李开复达沃斯见闻4：美国公司在华水土不服的四个原因,杂谈,(2018-09-08 06:33:06),http://blog.sina.com.cn/s/blog_475b3d560102xzzw.html
李开复对话2015诺奖得主Deaton：用交易来治理隐私数据问题？,杂谈,(2018-01-26 18:24:31),http://blog.sina.com.cn/s/blog_475b3d560102xmz2.html
李开复达沃斯见闻（Ⅴ）：欧美应向中国市场学习这四点,杂谈,(2018-01-26 15:53:08),http://blog.sina.com.cn/s/blog_475b3d560102xmyk.html
李开复：OMO的最终状态是商场、工厂、驾驶、物流都无人化,杂谈,(2017-12-13 10:50:42),http://blog.sina.com.cn/s/blog_475b3d560102xklt.html
李开复: 警惕人工智能革命演变成科技“军备竞赛”| 金融时报专栏,杂谈,(2017-12-06 10:28:51),http://blog.sina.com.cn/s/blog_475b3d560102xk9e.html
李开复：我的时间管理秘诀,杂谈,(2017-11-17 18:33:16),http://blog.sina.com.cn/s/blog_475b3d560102xj54.html
李开复：我的时间管理秘诀,杂谈,(2017-10-24 10:10:41),http://blog.sina.com.cn/s/blog_475b3d560102xhqz.html
李开复：我的爱情故事,杂谈,(2017-08-28 20:30:06),http://blog.sina.com.cn/s/blog_475b3d560102xfbs.html
从1983到2017，我的幸运与遗憾,杂谈,(2017-08-16 13:01:19),http://blog.sina.com.cn/s/blog_475b3d560102xeoj.html
从1983到2017，我的幸运与遗憾,杂谈,(2017-08-16 12:43:12),http://blog.sina.com.cn/s/blog_475b3d560102xeoi.html
从1983到2017，我的幸运与遗憾,杂谈,(2017-08-16 11:45:44),http://blog.sina.com.cn/s/blog_475b3d560102xeoh.html
李开复：美国小学教给我们的不只是英语，而是五件更重要的事情,杂谈,(2017-01-16 20:52:42),http://blog.sina.com.cn/s/blog_475b3d560102x283.html
李开复：AI技术处在黄金时代,杂谈,(2016-09-30 20:51:51),http://blog.sina.com.cn/s/blog_475b3d560102wtpp.html
郭台铭讲创业家需要具备的三种精神,杂谈,(2016-09-28 21:16:12),http://blog.sina.com.cn/s/blog_475b3d560102wtkm.html
李开复写给即将入学的大学新生：大学四年应该这样度过,杂谈,(2016-09-01 21:23:27),http://blog.sina.com.cn/s/blog_475b3d560102wr6g.html
与星云大师对谈: 面对疾病，正能量是最有效的药,杂谈,(2016-08-24 21:02:17),http://blog.sina.com.cn/s/blog_475b3d560102wq5k.html
我的爱情故事,杂谈,(2016-08-09 09:32:31),http://blog.sina.com.cn/s/blog_475b3d560102wo6x.html
生命是最严厉的导师,杂谈,(2016-07-18 21:06:16),http://blog.sina.com.cn/s/blog_475b3d560102wlvc.html
为什么今天是人工智能的黄金时代？,杂谈,(2016-06-15 20:37:48),http://blog.sina.com.cn/s/blog_475b3d560102wizo.html
给父母的四个建议,杂谈,(2016-05-30 21:18:10),http://blog.sina.com.cn/s/blog_475b3d560102wh5w.html
守护一个快乐摄影师,杂谈,(2016-05-23 21:08:56),http://blog.sina.com.cn/s/blog_475b3d560102wg95.html
子女是母亲最甜蜜的牵挂,杂谈,(2016-05-09 16:07:47),http://blog.sina.com.cn/s/blog_475b3d560102wdtc.html
患上癌症后如何抗癌？我的抗癌心得,杂谈,(2016-05-04 10:46:01),http://blog.sina.com.cn/s/blog_475b3d560102wdi4.html
人工智能如具备这三个条件将提供巨大商业价值,杂谈,(2016-03-27 19:02:04),http://blog.sina.com.cn/s/blog_475b3d560102wab2.html
年轻人该比谁更拼命吗？我的“健康睡眠”心得,杂谈,(2016-03-20 20:17:00),http://blog.sina.com.cn/s/blog_475b3d560102w9k8.html
年轻人该比谁更拼命吗？我的“健康睡眠”心得,杂谈,(2016-03-20 20:02:57),http://blog.sina.com.cn/s/blog_475b3d560102w9k6.html
人工智能对人类真正的威胁是什么？,杂谈,(2016-03-10 11:17:05),http://blog.sina.com.cn/s/blog_475b3d560102w8m9.html
​与乔布斯前老板斯卡利对话：应该支持并宽容创始人,杂谈,(2016-01-18 09:44:08),http://blog.sina.com.cn/s/blog_475b3d560102w5rg.html
​与乔布斯前老板斯卡利对话：应该支持并宽容创始人,杂谈,(2016-01-18 09:43:58),http://blog.sina.com.cn/s/blog_475b3d560102w5rf.html
【你最后五分钟，会对孩子说什么呢？】,杂谈,(2016-01-16 07:51:28),http://blog.sina.com.cn/s/blog_475b3d560102w5lw.html
创新工场为什么投资马东的米未,杂谈,(2015-09-17 06:40:59),http://blog.sina.com.cn/s/blog_475b3d560102vuto.html
不要 ”谈死变色“：让死亡成为我们的老师,杂谈,(2015-07-20 14:53:46),http://blog.sina.com.cn/s/blog_475b3d560102vpz3.html
年轻人打拼，就必须放弃健康吗？,杂谈,(2015-07-05 06:56:57),http://blog.sina.com.cn/s/blog_475b3d560102vo42.html
为事业打拼，还是多孝顺父母呢？,杂谈,(2015-07-04 19:05:51),http://blog.sina.com.cn/s/blog_475b3d560102vo37.html
如何正视癌症？,杂谈,(2015-07-04 07:18:19),http://blog.sina.com.cn/s/blog_475b3d560102vo2k.html
我的七個死亡學分,杂谈,(2015-06-28 22:28:23),http://blog.sina.com.cn/s/blog_475b3d560102vns9.html
Facebook COO 悼念英年早逝的丈夫,杂谈,(2015-05-07 17:57:18),http://blog.sina.com.cn/s/blog_475b3d560102vlbl.html
​【几个搞笑的真实故事】,杂谈,(2015-04-25 15:37:30),http://blog.sina.com.cn/s/blog_475b3d560102vkr9.html
写简历千万不能犯的八个错误,杂谈,(2015-04-22 12:19:18),http://blog.sina.com.cn/s/blog_475b3d560102vkkf.html
李开复：安稳的工作很快会灭亡,杂谈,(2015-04-13 21:41:10),http://blog.sina.com.cn/s/blog_475b3d560102vjte.html
安稳的工作很快会灭亡,杂谈,(2015-04-13 21:37:12),http://blog.sina.com.cn/s/blog_475b3d560102vjtc.html
​【请放手吧！给父母的五个建议】,杂谈,(2015-03-18 11:26:59),http://blog.sina.com.cn/s/blog_475b3d560102vhyf.html
Google CFO 的辞职信,杂谈,(2015-03-12 15:31:09),http://blog.sina.com.cn/s/blog_475b3d560102vhae.html
我當年如何做好外企管理,杂谈,(2015-03-08 21:38:50),http://blog.sina.com.cn/s/blog_475b3d560102vgv3.html
​生病後的几个领悟,杂谈,(2015-02-15 21:30:41),http://blog.sina.com.cn/s/blog_475b3d560102vfpe.html
2015年2月15日,杂谈,(2015-02-15 21:28:01),http://blog.sina.com.cn/s/blog_475b3d560102vfpd.html
如何设计你的2015年度计划,杂谈,(2015-01-01 08:53:22),http://blog.sina.com.cn/s/blog_475b3d560102vask.html
如何设计你的年度计划,杂谈,(2015-01-01 08:46:09),http://blog.sina.com.cn/s/blog_475b3d560102vasj.html
喬布斯毕业演讲：人人该听三次,杂谈,(2014-11-29 09:11:31),http://blog.sina.com.cn/s/blog_475b3d560102v8fk.html
美国頂尖设计公司Ideo脑力激盪时的七个小秘密,杂谈,(2014-11-11 21:30:59),http://blog.sina.com.cn/s/blog_475b3d560102v4uh.html
Facebook COO 哈佛商学院演讲,杂谈,(2014-11-09 20:59:58),http://blog.sina.com.cn/s/blog_475b3d560102v4oo.html
如何从小培养创新力,杂谈,(2014-11-05 21:37:23),http://blog.sina.com.cn/s/blog_475b3d560102v4i0.html
天使的祝福：给新人和创业者（中英对照）,文化,"
				",http://blog.sina.com.cn/s/blog_475b3d560102e5t0.html
CMU的证明和聘书,杂谈,"
				",http://blog.sina.com.cn/s/blog_475b3d560102dvxh.html
给未来的你  — 李开复在2011级大学新生学习规划讲座上的演讲,教育,(2011-09-18 16:00:20),http://blog.sina.com.cn/s/blog_475b3d560102dt81.html
写好“微博”的五大妙招,杂谈,"
				",http://blog.sina.com.cn/s/blog_475b3d5601017dm9.html
先参与创业，再主导创业：给想创业的毕业生的一封信,教育,(2010-09-21 09:51:18),http://blog.sina.com.cn/s/blog_475b3d560100lgwt.html
本科留学生的职业规划和交友困惑,教育,(2010-04-12 14:24:06),http://blog.sina.com.cn/s/blog_475b3d560100ht15.html
小女儿的演讲,女儿,"
				",http://blog.sina.com.cn/s/blog_475b3d560100hfk3.html
我与中国大学生的不了缘－新书选载,世界因你不同,"
				",http://blog.sina.com.cn/s/blog_475b3d560100h7lm.html
如何对老板说“不”－新书选载,世界因你不同,"
				",http://blog.sina.com.cn/s/blog_475b3d560100gwga.html
无处不在的白板－新书选载,自传,"
				",http://blog.sina.com.cn/s/blog_475b3d560100gkmp.html
去微软，回中国－新书选载,自传,"
				",http://blog.sina.com.cn/s/blog_475b3d560100gajs.html
初到SGI，没有用的创新－新书选载,自传,"
				",http://blog.sina.com.cn/s/blog_475b3d560100g8ov.html
学习管理的艺术－新书选载,自传,"
				",http://blog.sina.com.cn/s/blog_475b3d560100g5rz.html
“苹果”的海盗文化－新书选载,苹果,(2009-12-07 15:34:16),http://blog.sina.com.cn/s/blog_475b3d560100g477.html
打工生涯:发现别样的世界－新书选载,自传,"
				",http://blog.sina.com.cn/s/blog_475b3d560100fxu1.html
大学里的转系－新书选载,专业,"
				",http://blog.sina.com.cn/s/blog_475b3d560100fvzj.html
给父母的四个建议,管教孩子,(2009-11-17 16:03:40),http://blog.sina.com.cn/s/blog_475b3d560100fuwq.html
大学生活：贫穷而快乐的日子－新书选载,友谊,"
				",http://blog.sina.com.cn/s/blog_475b3d560100fuhq.html
给创新工场求职者的一封信,创新工场,(2009-11-11 20:36:27),http://blog.sina.com.cn/s/blog_475b3d560100fsft.html
12份大学申请－新书选载,大学申请,"
				",http://blog.sina.com.cn/s/blog_475b3d560100frs7.html
高中时创办公司的经历－新书选载,创业,"
				",http://blog.sina.com.cn/s/blog_475b3d560100fpg8.html
在圣玛丽学校感受到的东西方教育差异－新书选载,中西教育,(2009-11-03 10:55:48),http://blog.sina.com.cn/s/blog_475b3d560100fnll.html
攻克英文－新书选载,留学生,"
				",http://blog.sina.com.cn/s/blog_475b3d560100fllc.html
回忆我的父亲,父亲,(2009-10-26 15:36:58),http://blog.sina.com.cn/s/blog_475b3d560100fjnp.html
人生第一个重要决定：念小学,自传,"
				",http://blog.sina.com.cn/s/blog_475b3d560100fi8b.html
童年趣事,童年,"
				",http://blog.sina.com.cn/s/blog_475b3d560100fgy0.html
我的出生,世界因你不同,(2009-10-14 14:32:15),http://blog.sina.com.cn/s/blog_475b3d560100fes6.html
2009年10月我的校园演讲行程(新增城市),校园演讲,(2009-10-13 10:22:12),http://blog.sina.com.cn/s/blog_475b3d560100fe5x.html
《世界因你不同》北京地区首发签字明日（10.11）举行,新书签字,(2009-10-10 10:11:33),http://blog.sina.com.cn/s/blog_475b3d560100fcq2.html
给女儿的一封信,女儿,"
				",http://blog.sina.com.cn/s/blog_475b3d560100fc47.html
最后一个星期五 – My Good-Bye Party at Google,杂谈,(2009-09-22 10:39:34),http://blog.sina.com.cn/s/blog_475b3d560100f0o9.html
我的新公司：创新工场,杂谈,(2009-09-07 10:17:21),http://blog.sina.com.cn/s/blog_475b3d560100essd.html
对媒体几个误解的澄清,杂谈,(2009-09-06 10:29:23),http://blog.sina.com.cn/s/blog_475b3d560100esdv.html
再见，谷歌,杂谈,(2009-09-04 11:06:20),http://blog.sina.com.cn/s/blog_475b3d560100erg5.html
大学生职业规划与公益创业论坛 我学网8月14日欢迎你,公益创业,(2009-08-04 14:13:14),http://blog.sina.com.cn/s/blog_475b3d560100ebt4.html
与周围的人想法不同，觉得孤独压抑怎么办,人际交流,(2009-07-30 14:00:05),http://blog.sina.com.cn/s/blog_475b3d560100e9dl.html
不明了自己的兴趣，未来的路该怎么走？,兴趣,(2009-07-09 15:03:55),http://blog.sina.com.cn/s/blog_475b3d560100dyt6.html
做最好的创新,创新,(2009-06-16 13:48:49),http://blog.sina.com.cn/s/blog_475b3d560100dnjy.html
人情关系复杂让我觉得心寒,人际关系,(2009-06-10 09:57:45),http://blog.sina.com.cn/s/blog_475b3d560100dkly.html
30幅画 读懂灾区孩子的内心,5&bull,(2009-05-12 12:58:23),http://blog.sina.com.cn/s/blog_475b3d560100d7k5.html
爸妈离婚了，我如何面对新家庭？,单亲家庭,,http://blog.sina.com.cn/s/blog_475b3d560100cv0q.html
怎样培养严谨的思维？,思考能力,(2009-04-09 10:30:38),http://blog.sina.com.cn/s/blog_475b3d560100cpbf.html
寻一剂良方：找不到合适的工作,找工作,(2009-03-25 10:32:53),http://blog.sina.com.cn/s/blog_475b3d560100cjp4.html
保持个性与适应现实的矛盾,个性,,http://blog.sina.com.cn/s/blog_475b3d560100ce8s.html
职场人生访谈预告：李开复谈如何顺利度过职场迷茫期,新浪财经,,http://blog.sina.com.cn/s/blog_475b3d560100c9yc.html
大一新生的困惑：如何处理好学习和实践的矛盾？,学习,(2009-02-20 11:31:44),http://blog.sina.com.cn/s/blog_475b3d560100c8a2.html
我为什么热衷中国教育,教育盛典,"
				",http://blog.sina.com.cn/s/blog_475b3d560100bw6t.html
在感动与创新中走进2009──开复新年寄语,新年寄语,,http://blog.sina.com.cn/s/blog_475b3d560100bti6.html
工作原地踏步怎么办,跳槽,,http://blog.sina.com.cn/s/blog_475b3d560100bpdl.html
缺乏主见，不善于思考该怎么办？,主见,,http://blog.sina.com.cn/s/blog_475b3d560100bmqt.html
李开复现身说法成功的十个启发,演讲,,http://blog.sina.com.cn/s/blog_475b3d560100bg6a.html
怎样填补内心的空洞？,教育,(2008-11-13 14:20:29),http://blog.sina.com.cn/s/blog_475b3d560100b89p.html
21世纪的领导力,领导力,(2008-10-10 14:01:00),http://blog.sina.com.cn/s/blog_475b3d560100aw79.html
给家长的一封信,家长,,http://blog.sina.com.cn/s/blog_475b3d560100av1a.html
创意管教,教育,,http://blog.sina.com.cn/s/blog_475b3d560100airc.html
对话李开复：怎样做最好的自己,访谈,,http://blog.sina.com.cn/s/blog_475b3d5601009sgm.html
清华学生VS李开复之：开复个人篇,李开复,,http://blog.sina.com.cn/s/blog_475b3d5601009on6.html
清华学生VS李开复之：如何找到自己的兴趣,清华问答,(2008-06-18 15:22:05),http://blog.sina.com.cn/s/blog_475b3d5601009mnh.html
清华学生VS李开复之：大学生对未来是否该有明确目标,清华问答,(2008-06-16 16:21:03),http://blog.sina.com.cn/s/blog_475b3d5601009ltb.html
清华学生VS李开复之：挑战老师合适吗,挑战,(2008-06-11 14:25:24),http://blog.sina.com.cn/s/blog_475b3d5601009jn1.html
李开复在《旧金山纪事报》刊登的文章,李开复,(2008-05-28 21:38:25),http://blog.sina.com.cn/s/blog_475b3d5601009e7b.html
关注国难：谷歌和我做了什么？,it,(2008-05-20 16:14:22),http://blog.sina.com.cn/s/blog_475b3d5601009ara.html
博客管理不当的道歉，和对赈灾问题的回答,杂谈,(2008-05-18 19:22:58),http://blog.sina.com.cn/s/blog_475b3d56010099ua.html
给中国学生的第七封信：21世纪最需要的7种人才,给中国学生的信,(2008-05-12 12:57:16),http://blog.sina.com.cn/s/blog_475b3d56010096z8.html
如何度过新工作的磨合期,职场,(2008-04-17 16:17:01),http://blog.sina.com.cn/s/blog_475b3d5601008xjv.html
关于“写给我亲爱的女孩们”一文的声明,声明,(2008-04-07 10:02:05),http://blog.sina.com.cn/s/blog_475b3d5601008tr8.html
儿子是母亲最甜蜜的牵挂,杂谈,(2008-03-18 13:34:07),http://blog.sina.com.cn/s/blog_475b3d5601008mip.html
如果梦想本就虚假,梦想,(2008-03-13 16:43:49),http://blog.sina.com.cn/s/blog_475b3d5601008kzd.html
